wickets,matches,player,team
2,2,A Ashish Reddy,Kolkata Knight Riders
6,4,A Ashish Reddy,Royal Challengers Bangalore
2,2,A Ashish Reddy,Chennai Super Kings
2,1,A Ashish Reddy,Kings XI Punjab
1,1,A Ashish Reddy,Delhi Daredevils
1,1,A Ashish Reddy,Mumbai Indians
4,3,A Ashish Reddy,Pune Warriors
1,1,A Chandila,Chennai Super Kings
1,1,A Chandila,Kings XI Punjab
2,1,A Chandila,Mumbai Indians
1,1,A Chandila,Deccan Chargers
4,1,A Chandila,Pune Warriors
2,1,A Chandila,Sunrisers Hyderabad
1,1,A Flintoff,Royal Challengers Bangalore
1,1,A Flintoff,Mumbai Indians
4,3,A Kumble,Kolkata Knight Riders
7,4,A Kumble,Chennai Super Kings
4,3,A Kumble,Kings XI Punjab
9,3,A Kumble,Rajasthan Royals
5,3,A Kumble,Delhi Daredevils
3,3,A Kumble,Mumbai Indians
13,6,A Kumble,Deccan Chargers
12,9,A Mishra,Kolkata Knight Riders
12,7,A Mishra,Royal Challengers Bangalore
7,5,A Mishra,Chennai Super Kings
21,12,A Mishra,Kings XI Punjab
26,12,A Mishra,Rajasthan Royals
6,5,A Mishra,Delhi Daredevils
14,10,A Mishra,Mumbai Indians
11,5,A Mishra,Deccan Chargers
1,1,A Mishra,Kochi Tuskers Kerala
10,4,A Mishra,Pune Warriors
2,1,A Mishra,Sunrisers Hyderabad
1,1,A Mishra,Rising Pune Supergiants
1,1,A Mishra,Gujarat Lions
1,1,A Mithun,Kolkata Knight Riders
2,2,A Mithun,Chennai Super Kings
3,2,A Mithun,Delhi Daredevils
1,1,A Mithun,Kochi Tuskers Kerala
6,5,A Nehra,Kolkata Knight Riders
21,11,A Nehra,Royal Challengers Bangalore
11,6,A Nehra,Chennai Super Kings
13,9,A Nehra,Kings XI Punjab
10,5,A Nehra,Rajasthan Royals
8,4,A Nehra,Delhi Daredevils
16,8,A Nehra,Mumbai Indians
7,5,A Nehra,Deccan Chargers
2,2,A Nehra,Sunrisers Hyderabad
4,2,A Nehra,Rising Pune Supergiants
1,1,A Nel,Delhi Daredevils
4,3,A Singh,Kolkata Knight Riders
6,2,A Singh,Royal Challengers Bangalore
2,2,A Singh,Chennai Super Kings
4,2,A Singh,Kings XI Punjab
3,2,A Singh,Delhi Daredevils
5,3,A Singh,Mumbai Indians
3,1,A Singh,Deccan Chargers
1,1,A Singh,Kochi Tuskers Kerala
3,2,A Symonds,Kolkata Knight Riders
5,4,A Symonds,Royal Challengers Bangalore
4,3,A Symonds,Chennai Super Kings
3,3,A Symonds,Kings XI Punjab
5,3,A Symonds,Delhi Daredevils
2,1,A Uniyal,Mumbai Indians
2,1,A Zampa,Royal Challengers Bangalore
1,1,A Zampa,Kings XI Punjab
3,1,A Zampa,Delhi Daredevils
6,1,A Zampa,Sunrisers Hyderabad
3,2,AA Chavan,Kolkata Knight Riders
2,1,AA Chavan,Kings XI Punjab
2,2,AA Chavan,Delhi Daredevils
1,1,AA Chavan,Mumbai Indians
1,1,AA Jhunjhunwala,Chennai Super Kings
1,1,AA Noffke,Kolkata Knight Riders
1,1,AB Agarkar,Kolkata Knight Riders
4,2,AB Agarkar,Royal Challengers Bangalore
2,2,AB Agarkar,Chennai Super Kings
5,3,AB Agarkar,Kings XI Punjab
3,2,AB Agarkar,Rajasthan Royals
2,2,AB Agarkar,Delhi Daredevils
5,4,AB Agarkar,Mumbai Indians
5,3,AB Agarkar,Deccan Chargers
2,1,AB Agarkar,Kochi Tuskers Kerala
1,1,AB Dinda,Kolkata Knight Riders
10,6,AB Dinda,Royal Challengers Bangalore
4,3,AB Dinda,Chennai Super Kings
6,6,AB Dinda,Kings XI Punjab
5,3,AB Dinda,Rajasthan Royals
12,6,AB Dinda,Delhi Daredevils
13,9,AB Dinda,Mumbai Indians
6,4,AB Dinda,Deccan Chargers
2,1,AB Dinda,Pune Warriors
7,4,AB Dinda,Sunrisers Hyderabad
2,1,AB Dinda,Gujarat Lions
2,1,AB McDonald,Kolkata Knight Riders
2,1,AB McDonald,Royal Challengers Bangalore
4,2,AB McDonald,Kings XI Punjab
2,2,AB McDonald,Delhi Daredevils
1,1,AB McDonald,Mumbai Indians
1,1,AC Gilchrist,Mumbai Indians
1,1,AC Thomas,Kolkata Knight Riders
2,1,AC Thomas,Royal Challengers Bangalore
2,1,AC Thomas,Chennai Super Kings
2,1,AC Thomas,Kings XI Punjab
1,1,AC Thomas,Rajasthan Royals
3,1,AC Thomas,Delhi Daredevils
2,2,AC Thomas,Mumbai Indians
1,1,AC Thomas,Kochi Tuskers Kerala
2,2,AD Mascarenhas,Kolkata Knight Riders
3,1,AD Mascarenhas,Royal Challengers Bangalore
6,3,AD Mascarenhas,Delhi Daredevils
2,1,AD Mascarenhas,Mumbai Indians
6,2,AD Mascarenhas,Pune Warriors
2,1,AD Mathews,Kolkata Knight Riders
7,4,AD Mathews,Royal Challengers Bangalore
1,1,AD Mathews,Chennai Super Kings
4,4,AD Mathews,Kings XI Punjab
4,4,AD Mathews,Rajasthan Royals
3,1,AD Mathews,Delhi Daredevils
3,2,AD Mathews,Mumbai Indians
2,2,AD Mathews,Deccan Chargers
1,1,AD Mathews,Sunrisers Hyderabad
2,2,AD Russell,Royal Challengers Bangalore
5,3,AD Russell,Chennai Super Kings
8,4,AD Russell,Kings XI Punjab
3,1,AD Russell,Rajasthan Royals
7,3,AD Russell,Delhi Daredevils
1,1,AD Russell,Mumbai Indians
3,3,AD Russell,Sunrisers Hyderabad
1,1,AD Russell,Rising Pune Supergiants
1,1,AD Russell,Gujarat Lions
1,1,AF Milne,Sunrisers Hyderabad
1,1,AG Murtaza,Rajasthan Royals
6,3,AG Murtaza,Delhi Daredevils
2,1,AG Murtaza,Pune Warriors
1,1,AJ Finch,Mumbai Indians
1,1,AL Menaria,Kolkata Knight Riders
2,1,AL Menaria,Mumbai Indians
2,2,AM Nayar,Kolkata Knight Riders
1,1,AM Nayar,Chennai Super Kings
2,2,AM Nayar,Delhi Daredevils
2,1,AM Nayar,Mumbai Indians
1,1,AM Nayar,Deccan Chargers
1,1,AM Nayar,Pune Warriors
1,1,AM Rahane,Kings XI Punjab
3,2,AM Salvi,Kings XI Punjab
2,1,AM Salvi,Rajasthan Royals
1,1,AM Salvi,Mumbai Indians
1,1,AM Salvi,Deccan Chargers
5,4,AN Ahmed,Kolkata Knight Riders
1,1,AN Ahmed,Royal Challengers Bangalore
1,1,AN Ahmed,Chennai Super Kings
1,1,AN Ahmed,Delhi Daredevils
4,2,AN Ahmed,Pune Warriors
2,1,AP Dole,Kings XI Punjab
1,1,AP Dole,Mumbai Indians
2,1,AP Dole,Deccan Chargers
7,4,AR Patel,Kolkata Knight Riders
6,5,AR Patel,Royal Challengers Bangalore
3,3,AR Patel,Chennai Super Kings
7,4,AR Patel,Rajasthan Royals
5,4,AR Patel,Delhi Daredevils
5,4,AR Patel,Mumbai Indians
5,3,AR Patel,Sunrisers Hyderabad
1,1,AR Patel,Rising Pune Supergiants
4,1,AR Patel,Gujarat Lions
1,1,AS Rajpoot,Mumbai Indians
1,1,AS Rajpoot,Sunrisers Hyderabad
1,1,AS Rajpoot,Rising Pune Supergiants
1,1,AS Rajpoot,Gujarat Lions
2,2,Anand Rajan,Kolkata Knight Riders
1,1,Anand Rajan,Royal Challengers Bangalore
1,1,Anand Rajan,Rajasthan Royals
1,1,Anand Rajan,Delhi Daredevils
3,1,Anand Rajan,Mumbai Indians
1,1,Ankit Sharma,Kolkata Knight Riders
5,4,Ankit Sharma,Chennai Super Kings
1,1,Ankit Sharma,Kings XI Punjab
3,2,Ankit Sharma,Mumbai Indians
2,2,Ankit Sharma,Pune Warriors
2,1,Anureet Singh,Kolkata Knight Riders
2,1,Anureet Singh,Royal Challengers Bangalore
1,1,Anureet Singh,Chennai Super Kings
6,3,Anureet Singh,Rajasthan Royals
2,1,Anureet Singh,Delhi Daredevils
3,2,Anureet Singh,Mumbai Indians
1,1,Anureet Singh,Sunrisers Hyderabad
6,2,Azhar Mahmood,Kolkata Knight Riders
5,2,Azhar Mahmood,Royal Challengers Bangalore
5,2,Azhar Mahmood,Chennai Super Kings
2,1,Azhar Mahmood,Delhi Daredevils
4,2,Azhar Mahmood,Mumbai Indians
2,1,Azhar Mahmood,Deccan Chargers
4,2,Azhar Mahmood,Pune Warriors
1,1,Azhar Mahmood,Sunrisers Hyderabad
1,1,B Akhil,Kolkata Knight Riders
1,1,B Akhil,Delhi Daredevils
2,1,B Akhil,Mumbai Indians
2,1,B Akhil,Deccan Chargers
1,1,B Geeves,Mumbai Indians
16,9,B Kumar,Kolkata Knight Riders
9,5,B Kumar,Royal Challengers Bangalore
6,3,B Kumar,Chennai Super Kings
13,8,B Kumar,Kings XI Punjab
11,6,B Kumar,Rajasthan Royals
3,3,B Kumar,Delhi Daredevils
11,6,B Kumar,Mumbai Indians
2,2,B Kumar,Deccan Chargers
4,2,B Kumar,Sunrisers Hyderabad
2,2,B Kumar,Rising Pune Supergiants
8,3,B Kumar,Gujarat Lions
1,1,B Laughlin,Mumbai Indians
1,1,B Lee,Royal Challengers Bangalore
2,2,B Lee,Chennai Super Kings
2,1,B Lee,Kings XI Punjab
5,4,B Lee,Rajasthan Royals
8,5,B Lee,Delhi Daredevils
3,3,B Lee,Mumbai Indians
3,3,B Lee,Deccan Chargers
1,1,B Lee,Kochi Tuskers Kerala
4,2,BA Bhatt,Kolkata Knight Riders
2,1,BA Bhatt,Rajasthan Royals
1,1,BA Bhatt,Delhi Daredevils
4,1,BA Bhatt,Mumbai Indians
1,1,BA Bhatt,Pune Warriors
1,1,BAW Mendis,Royal Challengers Bangalore
2,2,BAW Mendis,Kings XI Punjab
2,1,BAW Mendis,Rajasthan Royals
2,1,BAW Mendis,Delhi Daredevils
1,1,BAW Mendis,Mumbai Indians
2,2,BB Sran,Kolkata Knight Riders
2,2,BB Sran,Royal Challengers Bangalore
2,1,BB Sran,Delhi Daredevils
5,2,BB Sran,Mumbai Indians
1,1,BB Sran,Rising Pune Supergiants
2,2,BB Sran,Gujarat Lions
1,1,BCJ Cutting,Kolkata Knight Riders
2,1,BCJ Cutting,Royal Challengers Bangalore
1,1,BCJ Cutting,Delhi Daredevils
2,1,BCJ Cutting,Gujarat Lions
1,1,BE Hendricks,Kolkata Knight Riders
1,1,BE Hendricks,Royal Challengers Bangalore
1,1,BE Hendricks,Chennai Super Kings
3,1,BE Hendricks,Delhi Daredevils
1,1,BE Hendricks,Mumbai Indians
2,1,BE Hendricks,Sunrisers Hyderabad
3,1,BJ Hodge,Royal Challengers Bangalore
2,2,BJ Hodge,Chennai Super Kings
1,1,BJ Hodge,Kings XI Punjab
4,1,BJ Hodge,Rajasthan Royals
2,2,BJ Hodge,Mumbai Indians
3,3,BJ Hodge,Deccan Chargers
2,1,BJ Hodge,Pune Warriors
1,1,BMAJ Mendis,Sunrisers Hyderabad
3,2,BW Hilfenhaus,Kolkata Knight Riders
2,2,BW Hilfenhaus,Kings XI Punjab
3,2,BW Hilfenhaus,Rajasthan Royals
6,4,BW Hilfenhaus,Delhi Daredevils
5,3,BW Hilfenhaus,Mumbai Indians
1,1,BW Hilfenhaus,Deccan Chargers
2,1,BW Hilfenhaus,Sunrisers Hyderabad
1,1,Bipul Sharma,Kolkata Knight Riders
3,3,Bipul Sharma,Royal Challengers Bangalore
2,1,Bipul Sharma,Kings XI Punjab
1,1,Bipul Sharma,Rajasthan Royals
2,2,Bipul Sharma,Mumbai Indians
1,1,Bipul Sharma,Deccan Chargers
2,1,Bipul Sharma,Kochi Tuskers Kerala
2,2,Bipul Sharma,Gujarat Lions
1,1,C Nanda,Royal Challengers Bangalore
1,1,C Nanda,Rajasthan Royals
3,2,CH Gayle,Chennai Super Kings
4,2,CH Gayle,Kings XI Punjab
1,1,CH Gayle,Rajasthan Royals
3,2,CH Gayle,Delhi Daredevils
1,1,CH Gayle,Mumbai Indians
1,1,CH Gayle,Deccan Chargers
1,1,CH Gayle,Kochi Tuskers Kerala
4,3,CH Gayle,Pune Warriors
7,4,CH Morris,Kolkata Knight Riders
5,3,CH Morris,Royal Challengers Bangalore
4,2,CH Morris,Chennai Super Kings
7,4,CH Morris,Kings XI Punjab
1,1,CH Morris,Rajasthan Royals
3,2,CH Morris,Delhi Daredevils
6,5,CH Morris,Mumbai Indians
3,2,CH Morris,Pune Warriors
2,2,CH Morris,Sunrisers Hyderabad
1,1,CH Morris,Rising Pune Supergiants
3,2,CH Morris,Gujarat Lions
1,1,CJ Anderson,Kolkata Knight Riders
1,1,CJ Anderson,Kings XI Punjab
1,1,CJ Anderson,Delhi Daredevils
2,1,CJ Anderson,Sunrisers Hyderabad
1,1,CJ Jordan,Delhi Daredevils
3,1,CJ Jordan,Sunrisers Hyderabad
1,1,CJ Jordan,Rising Pune Supergiants
6,2,CJ Jordan,Gujarat Lions
1,1,CJ McKay,Kings XI Punjab
2,1,CK Langeveldt,Kolkata Knight Riders
1,1,CK Langeveldt,Royal Challengers Bangalore
2,1,CK Langeveldt,Kings XI Punjab
4,2,CK Langeveldt,Rajasthan Royals
2,1,CK Langeveldt,Delhi Daredevils
2,1,CK Langeveldt,Deccan Chargers
1,1,CL White,Royal Challengers Bangalore
3,1,CR Brathwaite,Kolkata Knight Riders
2,2,CR Brathwaite,Royal Challengers Bangalore
2,1,CR Brathwaite,Sunrisers Hyderabad
1,1,CRD Fernando,Kolkata Knight Riders
7,3,CRD Fernando,Royal Challengers Bangalore
2,1,CRD Fernando,Chennai Super Kings
1,1,CRD Fernando,Kings XI Punjab
2,1,CRD Fernando,Rajasthan Royals
2,1,CRD Fernando,Delhi Daredevils
2,1,CRD Fernando,Deccan Chargers
1,1,D Kalyankrishna,Kings XI Punjab
1,1,D Kalyankrishna,Rajasthan Royals
1,1,D Salunkhe,Kings XI Punjab
1,1,D Wiese,Kolkata Knight Riders
4,3,D Wiese,Chennai Super Kings
1,1,D Wiese,Kings XI Punjab
2,1,D Wiese,Rajasthan Royals
2,1,D Wiese,Delhi Daredevils
4,1,D Wiese,Mumbai Indians
2,1,D Wiese,Sunrisers Hyderabad
1,1,D du Preez,Rajasthan Royals
3,1,D du Preez,Mumbai Indians
3,1,DAJ Bracewell,Royal Challengers Bangalore
1,1,DB Ravi Teja,Royal Challengers Bangalore
2,1,DE Bollinger,Kolkata Knight Riders
5,3,DE Bollinger,Royal Challengers Bangalore
6,3,DE Bollinger,Rajasthan Royals
3,2,DE Bollinger,Delhi Daredevils
6,4,DE Bollinger,Mumbai Indians
8,3,DE Bollinger,Deccan Chargers
2,2,DE Bollinger,Kochi Tuskers Kerala
6,3,DE Bollinger,Pune Warriors
12,8,DJ Bravo,Kolkata Knight Riders
9,8,DJ Bravo,Royal Challengers Bangalore
5,4,DJ Bravo,Chennai Super Kings
19,9,DJ Bravo,Kings XI Punjab
10,7,DJ Bravo,Rajasthan Royals
10,7,DJ Bravo,Delhi Daredevils
30,15,DJ Bravo,Mumbai Indians
7,3,DJ Bravo,Deccan Chargers
1,1,DJ Bravo,Kochi Tuskers Kerala
5,3,DJ Bravo,Pune Warriors
12,6,DJ Bravo,Sunrisers Hyderabad
2,2,DJ Bravo,Rising Pune Supergiants
2,1,DJ Hooda,Kolkata Knight Riders
1,1,DJ Hooda,Kings XI Punjab
1,1,DJ Hooda,Gujarat Lions
2,1,DJ Hussey,Royal Challengers Bangalore
1,1,DJ Hussey,Chennai Super Kings
1,1,DJ Hussey,Kings XI Punjab
1,1,DJ Hussey,Delhi Daredevils
3,2,DJ Hussey,Deccan Chargers
2,1,DJ Muthuswami,Kolkata Knight Riders
1,1,DJ Muthuswami,Chennai Super Kings
1,1,DJ Muthuswami,Mumbai Indians
2,1,DJ Thornely,Kolkata Knight Riders
1,1,DJ Thornely,Delhi Daredevils
5,2,DJG Sammy,Kings XI Punjab
2,1,DJG Sammy,Rajasthan Royals
3,2,DJG Sammy,Delhi Daredevils
1,1,DJG Sammy,Mumbai Indians
4,4,DL Vettori,Kolkata Knight Riders
3,3,DL Vettori,Royal Challengers Bangalore
4,2,DL Vettori,Chennai Super Kings
4,2,DL Vettori,Kings XI Punjab
2,2,DL Vettori,Rajasthan Royals
2,2,DL Vettori,Delhi Daredevils
3,1,DL Vettori,Mumbai Indians
1,1,DL Vettori,Deccan Chargers
3,2,DL Vettori,Kochi Tuskers Kerala
2,2,DL Vettori,Pune Warriors
1,1,DNT Zoysa,Kings XI Punjab
1,1,DNT Zoysa,Mumbai Indians
3,2,DP Nannes,Kolkata Knight Riders
2,2,DP Nannes,Royal Challengers Bangalore
5,3,DP Nannes,Chennai Super Kings
4,2,DP Nannes,Kings XI Punjab
2,2,DP Nannes,Rajasthan Royals
7,4,DP Nannes,Mumbai Indians
4,3,DP Nannes,Deccan Chargers
1,1,DP Nannes,Kochi Tuskers Kerala
1,1,DP Vijaykumar,Kolkata Knight Riders
2,2,DP Vijaykumar,Chennai Super Kings
1,1,DP Vijaykumar,Delhi Daredevils
7,4,DR Smith,Kolkata Knight Riders
5,2,DR Smith,Royal Challengers Bangalore
2,2,DR Smith,Kings XI Punjab
1,1,DR Smith,Rajasthan Royals
4,3,DR Smith,Delhi Daredevils
3,2,DR Smith,Mumbai Indians
2,2,DR Smith,Sunrisers Hyderabad
5,4,DS Kulkarni,Kolkata Knight Riders
14,8,DS Kulkarni,Royal Challengers Bangalore
8,4,DS Kulkarni,Chennai Super Kings
8,6,DS Kulkarni,Kings XI Punjab
8,4,DS Kulkarni,Rajasthan Royals
10,6,DS Kulkarni,Delhi Daredevils
9,5,DS Kulkarni,Mumbai Indians
4,2,DS Kulkarni,Deccan Chargers
7,4,DS Kulkarni,Sunrisers Hyderabad
1,1,DT Christian,Kolkata Knight Riders
1,1,DT Christian,Royal Challengers Bangalore
3,2,DT Christian,Chennai Super Kings
4,2,DT Christian,Kings XI Punjab
1,1,DT Christian,Rajasthan Royals
4,3,DT Christian,Delhi Daredevils
1,1,DT Christian,Mumbai Indians
4,2,DT Christian,Pune Warriors
11,7,DW Steyn,Kolkata Knight Riders
7,3,DW Steyn,Royal Challengers Bangalore
7,5,DW Steyn,Chennai Super Kings
8,6,DW Steyn,Kings XI Punjab
13,8,DW Steyn,Rajasthan Royals
16,10,DW Steyn,Delhi Daredevils
15,7,DW Steyn,Mumbai Indians
7,4,DW Steyn,Deccan Chargers
3,1,DW Steyn,Kochi Tuskers Kerala
5,3,DW Steyn,Pune Warriors
1,1,FH Edwards,Royal Challengers Bangalore
1,1,FH Edwards,Chennai Super Kings
1,1,FH Edwards,Rajasthan Royals
2,1,FH Edwards,Mumbai Indians
1,1,GB Hogg,Kolkata Knight Riders
4,3,GB Hogg,Royal Challengers Bangalore
6,3,GB Hogg,Chennai Super Kings
7,4,GB Hogg,Delhi Daredevils
2,1,GB Hogg,Mumbai Indians
2,1,GB Hogg,Sunrisers Hyderabad
1,1,GB Hogg,Gujarat Lions
6,2,GD McGrath,Royal Challengers Bangalore
1,1,GD McGrath,Chennai Super Kings
2,2,GD McGrath,Kings XI Punjab
1,1,GD McGrath,Rajasthan Royals
2,1,GD McGrath,Deccan Chargers
1,1,GH Vihari,Royal Challengers Bangalore
1,1,GJ Maxwell,Kolkata Knight Riders
1,1,GJ Maxwell,Royal Challengers Bangalore
1,1,GJ Maxwell,Chennai Super Kings
1,1,GJ Maxwell,Sunrisers Hyderabad
1,1,GR Napier,Kolkata Knight Riders
1,1,GS Sandhu,Chennai Super Kings
1,1,Gagandeep Singh,Kolkata Knight Riders
2,2,Gagandeep Singh,Deccan Chargers
2,1,Gurkeerat Singh,Kolkata Knight Riders
1,1,Gurkeerat Singh,Sunrisers Hyderabad
2,1,Gurkeerat Singh,Rising Pune Supergiants
2,2,HH Pandya,Kolkata Knight Riders
2,2,HH Pandya,Delhi Daredevils
2,2,HV Patel,Kolkata Knight Riders
4,3,HV Patel,Chennai Super Kings
6,4,HV Patel,Kings XI Punjab
6,3,HV Patel,Rajasthan Royals
3,2,HV Patel,Delhi Daredevils
6,4,HV Patel,Mumbai Indians
2,2,HV Patel,Pune Warriors
1,1,HV Patel,Sunrisers Hyderabad
1,1,HV Patel,Rising Pune Supergiants
11,8,Harbhajan Singh,Kolkata Knight Riders
18,10,Harbhajan Singh,Royal Challengers Bangalore
24,13,Harbhajan Singh,Chennai Super Kings
16,9,Harbhajan Singh,Kings XI Punjab
10,7,Harbhajan Singh,Rajasthan Royals
17,11,Harbhajan Singh,Delhi Daredevils
1,1,Harbhajan Singh,Mumbai Indians
9,5,Harbhajan Singh,Deccan Chargers
6,5,Harbhajan Singh,Pune Warriors
4,3,Harbhajan Singh,Sunrisers Hyderabad
2,2,Harbhajan Singh,Rising Pune Supergiants
1,1,Harbhajan Singh,Gujarat Lions
3,3,Harmeet Singh,Kolkata Knight Riders
4,2,Harmeet Singh,Royal Challengers Bangalore
3,3,Harmeet Singh,Chennai Super Kings
3,2,Harmeet Singh,Rajasthan Royals
7,3,Harmeet Singh,Delhi Daredevils
6,3,Harmeet Singh,Pune Warriors
1,1,Harmeet Singh,Sunrisers Hyderabad
9,6,I Sharma,Royal Challengers Bangalore
4,3,I Sharma,Chennai Super Kings
5,3,I Sharma,Kings XI Punjab
9,7,I Sharma,Rajasthan Royals
8,5,I Sharma,Delhi Daredevils
14,10,I Sharma,Mumbai Indians
2,2,I Sharma,Deccan Chargers
5,1,I Sharma,Kochi Tuskers Kerala
1,1,I Sharma,Pune Warriors
1,1,I Sharma,Gujarat Lions
3,3,IC Pandey,Kolkata Knight Riders
3,2,IC Pandey,Royal Challengers Bangalore
3,3,IC Pandey,Kings XI Punjab
1,1,IC Pandey,Rajasthan Royals
5,3,IC Pandey,Delhi Daredevils
2,2,IC Pandey,Mumbai Indians
1,1,IC Pandey,Sunrisers Hyderabad
8,6,IK Pathan,Kolkata Knight Riders
10,7,IK Pathan,Royal Challengers Bangalore
11,9,IK Pathan,Chennai Super Kings
6,4,IK Pathan,Kings XI Punjab
8,7,IK Pathan,Rajasthan Royals
8,4,IK Pathan,Delhi Daredevils
15,9,IK Pathan,Mumbai Indians
7,5,IK Pathan,Deccan Chargers
2,1,IK Pathan,Kochi Tuskers Kerala
4,3,IK Pathan,Pune Warriors
1,1,IK Pathan,Sunrisers Hyderabad
3,2,Imran Tahir,Kolkata Knight Riders
1,1,Imran Tahir,Chennai Super Kings
7,3,Imran Tahir,Kings XI Punjab
6,2,Imran Tahir,Rajasthan Royals
6,2,Imran Tahir,Mumbai Indians
1,1,Imran Tahir,Sunrisers Hyderabad
2,1,Imran Tahir,Rising Pune Supergiants
3,1,Imran Tahir,Gujarat Lions
1,1,Iqbal Abdulla,Kolkata Knight Riders
1,1,Iqbal Abdulla,Royal Challengers Bangalore
4,3,Iqbal Abdulla,Chennai Super Kings
2,1,Iqbal Abdulla,Kings XI Punjab
3,3,Iqbal Abdulla,Rajasthan Royals
6,4,Iqbal Abdulla,Delhi Daredevils
6,4,Iqbal Abdulla,Mumbai Indians
5,2,Iqbal Abdulla,Deccan Chargers
5,4,Iqbal Abdulla,Pune Warriors
3,1,Iqbal Abdulla,Sunrisers Hyderabad
2,1,Iqbal Abdulla,Gujarat Lions
5,4,J Botha,Kolkata Knight Riders
1,1,J Botha,Royal Challengers Bangalore
2,2,J Botha,Chennai Super Kings
3,2,J Botha,Kings XI Punjab
1,1,J Botha,Delhi Daredevils
3,1,J Botha,Mumbai Indians
1,1,J Botha,Deccan Chargers
1,1,J Botha,Kochi Tuskers Kerala
4,3,J Botha,Pune Warriors
4,3,J Botha,Sunrisers Hyderabad
1,1,J Suchith,Kolkata Knight Riders
2,2,J Suchith,Chennai Super Kings
2,2,J Suchith,Kings XI Punjab
1,1,J Suchith,Rajasthan Royals
1,1,J Suchith,Delhi Daredevils
3,2,J Suchith,Sunrisers Hyderabad
1,1,J Syed Mohammad,Kolkata Knight Riders
3,2,J Syed Mohammad,Chennai Super Kings
3,2,J Syed Mohammad,Mumbai Indians
1,1,J Syed Mohammad,Pune Warriors
1,1,J Theron,Kolkata Knight Riders
5,2,J Theron,Chennai Super Kings
1,1,J Theron,Delhi Daredevils
1,1,J Theron,Mumbai Indians
1,1,J Theron,Deccan Chargers
2,1,J Theron,Pune Warriors
1,1,J Yadav,Chennai Super Kings
1,1,J Yadav,Kings XI Punjab
2,2,J Yadav,Sunrisers Hyderabad
7,6,JA Morkel,Kolkata Knight Riders
15,9,JA Morkel,Royal Challengers Bangalore
2,1,JA Morkel,Chennai Super Kings
13,9,JA Morkel,Kings XI Punjab
14,8,JA Morkel,Rajasthan Royals
12,9,JA Morkel,Delhi Daredevils
9,7,JA Morkel,Mumbai Indians
10,6,JA Morkel,Deccan Chargers
3,1,JA Morkel,Pune Warriors
1,1,JD Ryder,Chennai Super Kings
2,2,JD Ryder,Kings XI Punjab
2,1,JD Ryder,Rajasthan Royals
1,1,JD Ryder,Delhi Daredevils
1,1,JD Ryder,Deccan Chargers
1,1,JD Ryder,Kochi Tuskers Kerala
1,1,JD Unadkat,Kolkata Knight Riders
1,1,JD Unadkat,Royal Challengers Bangalore
3,1,JD Unadkat,Chennai Super Kings
2,2,JD Unadkat,Kings XI Punjab
4,2,JD Unadkat,Rajasthan Royals
8,3,JD Unadkat,Delhi Daredevils
6,3,JD Unadkat,Mumbai Indians
2,1,JD Unadkat,Deccan Chargers
2,1,JD Unadkat,Kochi Tuskers Kerala
2,1,JD Unadkat,Pune Warriors
2,1,JD Unadkat,Sunrisers Hyderabad
3,1,JDP Oram,Kolkata Knight Riders
2,1,JDP Oram,Royal Challengers Bangalore
1,1,JDP Oram,Chennai Super Kings
1,1,JDP Oram,Rajasthan Royals
1,1,JDP Oram,Mumbai Indians
1,1,JDP Oram,Kochi Tuskers Kerala
1,1,JDS Neesham,Chennai Super Kings
1,1,JE Taylor,Royal Challengers Bangalore
3,1,JE Taylor,Chennai Super Kings
2,1,JE Taylor,Mumbai Indians
2,1,JEC Franklin,Kolkata Knight Riders
3,3,JEC Franklin,Chennai Super Kings
1,1,JEC Franklin,Kings XI Punjab
2,1,JEC Franklin,Deccan Chargers
1,1,JEC Franklin,Pune Warriors
3,2,JH Kallis,Kolkata Knight Riders
9,5,JH Kallis,Royal Challengers Bangalore
10,7,JH Kallis,Chennai Super Kings
9,6,JH Kallis,Kings XI Punjab
5,4,JH Kallis,Rajasthan Royals
11,8,JH Kallis,Delhi Daredevils
7,4,JH Kallis,Mumbai Indians
4,3,JH Kallis,Deccan Chargers
4,3,JH Kallis,Pune Warriors
3,1,JH Kallis,Sunrisers Hyderabad
1,1,JJ Bumrah,Kolkata Knight Riders
9,4,JJ Bumrah,Royal Challengers Bangalore
5,2,JJ Bumrah,Kings XI Punjab
1,1,JJ Bumrah,Rajasthan Royals
4,2,JJ Bumrah,Delhi Daredevils
3,1,JJ Bumrah,Rising Pune Supergiants
3,2,JJ Bumrah,Gujarat Lions
2,1,JJ van der Wath,Chennai Super Kings
1,1,JJ van der Wath,Deccan Chargers
3,1,JM Kemp,Kolkata Knight Riders
1,1,JO Holder,Kolkata Knight Riders
2,1,JO Holder,Rajasthan Royals
2,1,JO Holder,Sunrisers Hyderabad
1,1,JP Duminy,Kolkata Knight Riders
1,1,JP Duminy,Chennai Super Kings
10,7,JP Duminy,Kings XI Punjab
1,1,JP Duminy,Rajasthan Royals
1,1,JP Duminy,Delhi Daredevils
2,2,JP Duminy,Mumbai Indians
1,1,JP Duminy,Pune Warriors
5,2,JP Duminy,Sunrisers Hyderabad
1,1,JP Duminy,Gujarat Lions
4,2,JP Faulkner,Kolkata Knight Riders
2,2,JP Faulkner,Royal Challengers Bangalore
6,4,JP Faulkner,Chennai Super Kings
8,5,JP Faulkner,Kings XI Punjab
2,1,JP Faulkner,Rajasthan Royals
8,6,JP Faulkner,Delhi Daredevils
7,4,JP Faulkner,Mumbai Indians
4,3,JP Faulkner,Pune Warriors
12,4,JP Faulkner,Sunrisers Hyderabad
2,2,JR Hopes,Kolkata Knight Riders
1,1,JR Hopes,Royal Challengers Bangalore
1,1,JR Hopes,Chennai Super Kings
1,1,JR Hopes,Kings XI Punjab
3,2,JR Hopes,Rajasthan Royals
2,1,JR Hopes,Delhi Daredevils
1,1,JR Hopes,Mumbai Indians
2,2,JR Hopes,Deccan Chargers
1,1,JR Hopes,Pune Warriors
2,1,JW Hastings,Delhi Daredevils
1,1,JW Hastings,Sunrisers Hyderabad
3,2,Jaskaran Singh,Kolkata Knight Riders
1,1,Jaskaran Singh,Kings XI Punjab
2,1,Jaskaran Singh,Mumbai Indians
1,1,Joginder Sharma,Kolkata Knight Riders
3,2,Joginder Sharma,Royal Challengers Bangalore
1,1,Joginder Sharma,Kings XI Punjab
2,2,Joginder Sharma,Delhi Daredevils
5,4,Joginder Sharma,Mumbai Indians
1,1,K Santokie,Kings XI Punjab
2,1,K Santokie,Rajasthan Royals
3,3,KA Pollard,Kolkata Knight Riders
10,5,KA Pollard,Royal Challengers Bangalore
12,10,KA Pollard,Chennai Super Kings
5,4,KA Pollard,Kings XI Punjab
10,6,KA Pollard,Rajasthan Royals
5,3,KA Pollard,Delhi Daredevils
7,5,KA Pollard,Deccan Chargers
3,3,KA Pollard,Pune Warriors
1,1,KA Pollard,Sunrisers Hyderabad
3,2,KC Cariappa,Royal Challengers Bangalore
1,1,KC Cariappa,Delhi Daredevils
3,2,KH Pandya,Royal Challengers Bangalore
2,1,KH Pandya,Delhi Daredevils
1,1,KH Pandya,Gujarat Lions
1,1,KJ Abbott,Royal Challengers Bangalore
1,1,KJ Abbott,Rising Pune Supergiants
6,2,KK Cooper,Kolkata Knight Riders
5,3,KK Cooper,Chennai Super Kings
9,3,KK Cooper,Kings XI Punjab
4,2,KK Cooper,Delhi Daredevils
7,5,KK Cooper,Mumbai Indians
1,1,KK Cooper,Pune Warriors
1,1,KK Cooper,Sunrisers Hyderabad
1,1,KMDN Kulasekara,Kings XI Punjab
1,1,KMDN Kulasekara,Rajasthan Royals
3,2,KMDN Kulasekara,Pune Warriors
1,1,KP Appanna,Kolkata Knight Riders
1,1,KP Appanna,Kings XI Punjab
4,1,KP Appanna,Rajasthan Royals
2,2,KP Appanna,Delhi Daredevils
1,1,KP Appanna,Pune Warriors
1,1,KP Pietersen,Kolkata Knight Riders
2,2,KP Pietersen,Chennai Super Kings
2,2,KP Pietersen,Mumbai Indians
2,1,KP Pietersen,Deccan Chargers
9,5,KV Sharma,Kolkata Knight Riders
5,3,KV Sharma,Royal Challengers Bangalore
3,2,KV Sharma,Chennai Super Kings
4,3,KV Sharma,Kings XI Punjab
6,5,KV Sharma,Rajasthan Royals
4,3,KV Sharma,Delhi Daredevils
5,3,KV Sharma,Mumbai Indians
1,1,KV Sharma,Pune Warriors
1,1,KW Richardson,Kolkata Knight Riders
4,2,KW Richardson,Royal Challengers Bangalore
1,1,KW Richardson,Chennai Super Kings
1,1,KW Richardson,Kings XI Punjab
1,1,KW Richardson,Delhi Daredevils
2,2,KW Richardson,Mumbai Indians
4,2,KW Richardson,Sunrisers Hyderabad
4,1,KW Richardson,Rising Pune Supergiants
1,1,KW Richardson,Gujarat Lions
6,2,Kamran Khan,Kolkata Knight Riders
1,1,Kamran Khan,Royal Challengers Bangalore
2,1,Kamran Khan,Kings XI Punjab
1,1,Kamran Khan,Delhi Daredevils
7,2,Karanveer Singh,Kolkata Knight Riders
2,1,Karanveer Singh,Rajasthan Royals
2,1,Karanveer Singh,Delhi Daredevils
1,1,Karanveer Singh,Mumbai Indians
1,1,Kuldeep Yadav,Mumbai Indians
5,2,Kuldeep Yadav,Sunrisers Hyderabad
1,1,L Ablish,Delhi Daredevils
2,1,L Ablish,Mumbai Indians
4,3,L Balaji,Kolkata Knight Riders
16,10,L Balaji,Royal Challengers Bangalore
7,4,L Balaji,Chennai Super Kings
10,6,L Balaji,Kings XI Punjab
6,4,L Balaji,Rajasthan Royals
12,7,L Balaji,Delhi Daredevils
5,4,L Balaji,Mumbai Indians
5,3,L Balaji,Deccan Chargers
7,4,L Balaji,Pune Warriors
4,1,L Balaji,Sunrisers Hyderabad
1,1,LA Carseldine,Royal Challengers Bangalore
1,1,LJ Wright,Royal Challengers Bangalore
1,1,LJ Wright,Chennai Super Kings
1,1,LMP Simmons,Kolkata Knight Riders
2,2,LR Shukla,Royal Challengers Bangalore
2,2,LR Shukla,Chennai Super Kings
3,3,LR Shukla,Rajasthan Royals
3,1,LR Shukla,Delhi Daredevils
3,1,LR Shukla,Mumbai Indians
2,2,LR Shukla,Deccan Chargers
1,1,M Ashwin,Kolkata Knight Riders
3,1,M Ashwin,Kings XI Punjab
1,1,M Ashwin,Mumbai Indians
2,1,M Ashwin,Gujarat Lions
2,2,M Kartik,Kolkata Knight Riders
4,2,M Kartik,Royal Challengers Bangalore
1,1,M Kartik,Chennai Super Kings
3,2,M Kartik,Kings XI Punjab
3,3,M Kartik,Rajasthan Royals
1,1,M Kartik,Delhi Daredevils
7,5,M Kartik,Mumbai Indians
6,4,M Kartik,Deccan Chargers
3,2,M Kartik,Pune Warriors
1,1,M Kartik,Sunrisers Hyderabad
6,4,M Morkel,Kolkata Knight Riders
9,5,M Morkel,Royal Challengers Bangalore
3,2,M Morkel,Chennai Super Kings
17,10,M Morkel,Kings XI Punjab
4,4,M Morkel,Rajasthan Royals
4,2,M Morkel,Delhi Daredevils
12,9,M Morkel,Mumbai Indians
4,2,M Morkel,Deccan Chargers
4,2,M Morkel,Kochi Tuskers Kerala
4,2,M Morkel,Pune Warriors
9,5,M Morkel,Sunrisers Hyderabad
1,1,M Morkel,Gujarat Lions
6,5,M Muralitharan,Kolkata Knight Riders
9,5,M Muralitharan,Royal Challengers Bangalore
4,2,M Muralitharan,Chennai Super Kings
10,6,M Muralitharan,Kings XI Punjab
6,4,M Muralitharan,Rajasthan Royals
9,5,M Muralitharan,Delhi Daredevils
8,5,M Muralitharan,Mumbai Indians
7,6,M Muralitharan,Deccan Chargers
3,2,M Muralitharan,Pune Warriors
2,2,M Muralitharan,Sunrisers Hyderabad
4,1,M Ntini,Kolkata Knight Riders
2,1,M Ntini,Kings XI Punjab
1,1,M Ntini,Deccan Chargers
2,1,M de Lange,Delhi Daredevils
3,1,M de Lange,Pune Warriors
2,1,MA Khote,Chennai Super Kings
4,3,MA Starc,Kolkata Knight Riders
5,3,MA Starc,Chennai Super Kings
7,3,MA Starc,Kings XI Punjab
6,3,MA Starc,Rajasthan Royals
6,3,MA Starc,Delhi Daredevils
3,2,MA Starc,Mumbai Indians
3,2,MA Starc,Sunrisers Hyderabad
6,4,MC Henriques,Kolkata Knight Riders
3,2,MC Henriques,Royal Challengers Bangalore
2,1,MC Henriques,Chennai Super Kings
8,5,MC Henriques,Kings XI Punjab
3,3,MC Henriques,Rajasthan Royals
6,4,MC Henriques,Delhi Daredevils
2,2,MC Henriques,Mumbai Indians
1,1,MC Henriques,Deccan Chargers
1,1,MC Henriques,Pune Warriors
2,1,MC Henriques,Sunrisers Hyderabad
2,2,MC Henriques,Rising Pune Supergiants
1,1,MC Henriques,Gujarat Lions
2,1,MF Maharoof,Kolkata Knight Riders
3,2,MF Maharoof,Royal Challengers Bangalore
4,2,MF Maharoof,Kings XI Punjab
11,6,MF Maharoof,Rajasthan Royals
3,2,MF Maharoof,Mumbai Indians
4,2,MF Maharoof,Deccan Chargers
11,6,MG Johnson,Kolkata Knight Riders
4,3,MG Johnson,Royal Challengers Bangalore
9,5,MG Johnson,Chennai Super Kings
2,1,MG Johnson,Kings XI Punjab
7,4,MG Johnson,Rajasthan Royals
4,2,MG Johnson,Delhi Daredevils
4,3,MG Johnson,Mumbai Indians
5,2,MG Johnson,Pune Warriors
6,4,MG Johnson,Sunrisers Hyderabad
1,1,MG Johnson,Gujarat Lions
1,1,MJ Clarke,Kolkata Knight Riders
1,1,MJ Clarke,Rajasthan Royals
4,3,MJ McClenaghan,Kolkata Knight Riders
3,3,MJ McClenaghan,Royal Challengers Bangalore
5,3,MJ McClenaghan,Chennai Super Kings
4,2,MJ McClenaghan,Kings XI Punjab
3,1,MJ McClenaghan,Rajasthan Royals
4,2,MJ McClenaghan,Delhi Daredevils
7,3,MJ McClenaghan,Sunrisers Hyderabad
1,1,MJ McClenaghan,Rising Pune Supergiants
4,1,MJ McClenaghan,Gujarat Lions
1,1,MK Tiwary,Mumbai Indians
11,7,MM Patel,Kolkata Knight Riders
10,6,MM Patel,Royal Challengers Bangalore
9,5,MM Patel,Chennai Super Kings
11,5,MM Patel,Kings XI Punjab
6,2,MM Patel,Rajasthan Royals
10,5,MM Patel,Delhi Daredevils
2,1,MM Patel,Mumbai Indians
7,4,MM Patel,Deccan Chargers
7,4,MM Patel,Pune Warriors
6,4,MM Sharma,Kolkata Knight Riders
4,4,MM Sharma,Royal Challengers Bangalore
6,4,MM Sharma,Kings XI Punjab
8,4,MM Sharma,Rajasthan Royals
8,5,MM Sharma,Delhi Daredevils
19,10,MM Sharma,Mumbai Indians
3,1,MM Sharma,Pune Warriors
9,5,MM Sharma,Sunrisers Hyderabad
4,2,MM Sharma,Rising Pune Supergiants
3,1,MM Sharma,Gujarat Lions
1,1,MN Samuels,Royal Challengers Bangalore
3,1,MN Samuels,Chennai Super Kings
1,1,MN Samuels,Kings XI Punjab
1,1,MN Samuels,Mumbai Indians
2,2,MN Samuels,Deccan Chargers
1,1,MN Samuels,Sunrisers Hyderabad
3,1,MP Stoinis,Delhi Daredevils
4,1,MP Stoinis,Mumbai Indians
1,1,MP Stoinis,Gujarat Lions
2,1,MR Marsh,Kolkata Knight Riders
2,2,MR Marsh,Royal Challengers Bangalore
2,1,MR Marsh,Chennai Super Kings
2,1,MR Marsh,Kings XI Punjab
2,2,MR Marsh,Delhi Daredevils
3,2,MR Marsh,Mumbai Indians
4,1,MR Marsh,Deccan Chargers
3,2,MR Marsh,Sunrisers Hyderabad
4,3,MS Gony,Kolkata Knight Riders
12,6,MS Gony,Royal Challengers Bangalore
5,4,MS Gony,Kings XI Punjab
2,2,MS Gony,Rajasthan Royals
3,3,MS Gony,Delhi Daredevils
4,3,MS Gony,Mumbai Indians
2,2,MS Gony,Deccan Chargers
1,1,MS Gony,Kochi Tuskers Kerala
2,2,MS Gony,Pune Warriors
2,1,MS Gony,Sunrisers Hyderabad
2,2,Mohammad Asif,Chennai Super Kings
2,1,Mohammad Asif,Kings XI Punjab
1,1,Mohammad Asif,Rajasthan Royals
1,1,Mohammad Asif,Mumbai Indians
2,1,Mohammad Asif,Deccan Chargers
1,1,Mohammad Hafeez,Kings XI Punjab
1,1,Mohammad Hafeez,Deccan Chargers
1,1,Mohammed Shami,Kolkata Knight Riders
4,3,Mohammed Shami,Royal Challengers Bangalore
1,1,Mohammed Shami,Chennai Super Kings
3,3,Mohammed Shami,Kings XI Punjab
1,1,Mohammed Shami,Rajasthan Royals
2,2,Mohammed Shami,Sunrisers Hyderabad
1,1,Mohammed Shami,Gujarat Lions
2,2,Mustafizur Rahman,Kolkata Knight Riders
4,3,Mustafizur Rahman,Royal Challengers Bangalore
3,2,Mustafizur Rahman,Kings XI Punjab
1,1,Mustafizur Rahman,Delhi Daredevils
4,2,Mustafizur Rahman,Mumbai Indians
3,2,Mustafizur Rahman,Gujarat Lions
1,1,ND Doshi,Deccan Chargers
1,1,ND Doshi,Kochi Tuskers Kerala
4,3,NLTC Perera,Kolkata Knight Riders
5,3,NLTC Perera,Royal Challengers Bangalore
4,2,NLTC Perera,Chennai Super Kings
2,2,NLTC Perera,Kings XI Punjab
3,2,NLTC Perera,Rajasthan Royals
4,2,NLTC Perera,Delhi Daredevils
1,1,NLTC Perera,Deccan Chargers
5,2,NLTC Perera,Pune Warriors
1,1,NLTC Perera,Sunrisers Hyderabad
2,1,NLTC Perera,Gujarat Lions
3,2,NM Coulter-Nile,Kolkata Knight Riders
3,1,NM Coulter-Nile,Chennai Super Kings
5,2,NM Coulter-Nile,Kings XI Punjab
1,1,NM Coulter-Nile,Rajasthan Royals
3,2,NM Coulter-Nile,Mumbai Indians
6,4,NM Coulter-Nile,Sunrisers Hyderabad
2,1,P Amarnath,Kolkata Knight Riders
2,1,P Amarnath,Royal Challengers Bangalore
2,2,P Amarnath,Kings XI Punjab
1,1,P Amarnath,Mumbai Indians
3,2,P Awana,Kolkata Knight Riders
8,3,P Awana,Royal Challengers Bangalore
7,4,P Awana,Chennai Super Kings
2,2,P Awana,Rajasthan Royals
7,4,P Awana,Delhi Daredevils
6,3,P Awana,Mumbai Indians
3,2,P Awana,Deccan Chargers
2,2,P Awana,Pune Warriors
1,1,P Awana,Sunrisers Hyderabad
8,6,P Kumar,Kolkata Knight Riders
4,3,P Kumar,Royal Challengers Bangalore
14,10,P Kumar,Chennai Super Kings
9,6,P Kumar,Kings XI Punjab
10,5,P Kumar,Rajasthan Royals
11,8,P Kumar,Delhi Daredevils
12,8,P Kumar,Mumbai Indians
10,6,P Kumar,Deccan Chargers
4,3,P Kumar,Pune Warriors
2,2,P Kumar,Sunrisers Hyderabad
2,2,P Negi,Kolkata Knight Riders
1,1,P Negi,Royal Challengers Bangalore
1,1,P Negi,Chennai Super Kings
3,2,P Negi,Kings XI Punjab
4,1,P Negi,Rajasthan Royals
2,1,P Negi,Delhi Daredevils
1,1,P Negi,Sunrisers Hyderabad
2,1,P Parameswaran,Rajasthan Royals
5,2,P Parameswaran,Delhi Daredevils
2,2,P Parameswaran,Deccan Chargers
2,1,P Sahu,Kolkata Knight Riders
1,1,P Sahu,Gujarat Lions
1,1,P Suyal,Royal Challengers Bangalore
1,1,P Suyal,Chennai Super Kings
1,1,PC Valthaty,Royal Challengers Bangalore
1,1,PC Valthaty,Delhi Daredevils
5,2,PC Valthaty,Deccan Chargers
1,1,PD Collingwood,Kolkata Knight Riders
2,1,PD Collingwood,Kings XI Punjab
1,1,PD Collingwood,Rajasthan Royals
1,1,PD Collingwood,Deccan Chargers
2,2,PJ Cummins,Chennai Super Kings
4,3,PJ Sangwan,Kolkata Knight Riders
5,3,PJ Sangwan,Royal Challengers Bangalore
6,3,PJ Sangwan,Chennai Super Kings
3,3,PJ Sangwan,Kings XI Punjab
1,1,PJ Sangwan,Rajasthan Royals
1,1,PJ Sangwan,Delhi Daredevils
6,4,PJ Sangwan,Mumbai Indians
4,2,PJ Sangwan,Deccan Chargers
1,1,PM Sarvesh Kumar,Chennai Super Kings
10,5,PP Chawla,Kolkata Knight Riders
18,10,PP Chawla,Royal Challengers Bangalore
13,11,PP Chawla,Chennai Super Kings
12,6,PP Chawla,Kings XI Punjab
14,9,PP Chawla,Rajasthan Royals
18,9,PP Chawla,Delhi Daredevils
18,13,PP Chawla,Mumbai Indians
7,5,PP Chawla,Deccan Chargers
1,1,PP Chawla,Kochi Tuskers Kerala
2,2,PP Chawla,Pune Warriors
4,4,PP Chawla,Sunrisers Hyderabad
2,1,PP Chawla,Rising Pune Supergiants
1,1,PP Chawla,Gujarat Lions
12,7,PP Ojha,Kolkata Knight Riders
13,7,PP Ojha,Royal Challengers Bangalore
21,13,PP Ojha,Chennai Super Kings
8,5,PP Ojha,Kings XI Punjab
8,7,PP Ojha,Rajasthan Royals
12,8,PP Ojha,Delhi Daredevils
9,4,PP Ojha,Mumbai Indians
6,5,PP Ojha,Pune Warriors
5,2,PV Tambe,Kolkata Knight Riders
6,3,PV Tambe,Royal Challengers Bangalore
2,2,PV Tambe,Chennai Super Kings
1,1,PV Tambe,Kings XI Punjab
4,3,PV Tambe,Delhi Daredevils
4,3,PV Tambe,Mumbai Indians
4,3,PV Tambe,Sunrisers Hyderabad
2,1,PV Tambe,Rising Pune Supergiants
3,2,Pankaj Singh,Royal Challengers Bangalore
2,1,Pankaj Singh,Chennai Super Kings
2,1,Pankaj Singh,Rajasthan Royals
4,2,Pankaj Singh,Delhi Daredevils
1,1,Parvez Rasool,Kolkata Knight Riders
1,1,Parvez Rasool,Royal Challengers Bangalore
1,1,Parvez Rasool,Delhi Daredevils
1,1,Parvez Rasool,Sunrisers Hyderabad
18,11,R Ashwin,Kolkata Knight Riders
11,8,R Ashwin,Royal Challengers Bangalore
15,9,R Ashwin,Kings XI Punjab
9,7,R Ashwin,Rajasthan Royals
17,11,R Ashwin,Delhi Daredevils
14,10,R Ashwin,Mumbai Indians
4,3,R Ashwin,Deccan Chargers
3,2,R Ashwin,Kochi Tuskers Kerala
4,3,R Ashwin,Pune Warriors
5,5,R Ashwin,Sunrisers Hyderabad
5,4,R Bhatia,Kolkata Knight Riders
3,3,R Bhatia,Royal Challengers Bangalore
10,7,R Bhatia,Chennai Super Kings
4,3,R Bhatia,Kings XI Punjab
5,4,R Bhatia,Rajasthan Royals
8,5,R Bhatia,Delhi Daredevils
11,7,R Bhatia,Mumbai Indians
11,5,R Bhatia,Deccan Chargers
1,1,R Bhatia,Kochi Tuskers Kerala
3,3,R Bhatia,Pune Warriors
7,3,R Bhatia,Sunrisers Hyderabad
1,1,R Bhatia,Gujarat Lions
1,1,R Dhawan,Kolkata Knight Riders
2,1,R Dhawan,Royal Challengers Bangalore
3,3,R Dhawan,Chennai Super Kings
1,1,R Dhawan,Kings XI Punjab
2,1,R Dhawan,Rajasthan Royals
1,1,R Dhawan,Delhi Daredevils
3,2,R Dhawan,Mumbai Indians
4,3,R Dhawan,Sunrisers Hyderabad
1,1,R Dhawan,Rising Pune Supergiants
3,3,R McLaren,Royal Challengers Bangalore
1,1,R McLaren,Chennai Super Kings
1,1,R McLaren,Rajasthan Royals
2,1,R McLaren,Mumbai Indians
4,2,R McLaren,Deccan Chargers
1,1,R McLaren,Pune Warriors
2,1,R Ninan,Chennai Super Kings
1,1,R Ninan,Deccan Chargers
1,1,R Rampaul,Kolkata Knight Riders
5,3,R Rampaul,Chennai Super Kings
1,1,R Rampaul,Kings XI Punjab
4,2,R Rampaul,Rajasthan Royals
2,1,R Rampaul,Delhi Daredevils
1,1,R Rampaul,Mumbai Indians
2,1,R Rampaul,Pune Warriors
1,1,R Sathish,Kolkata Knight Riders
1,1,R Sathish,Rajasthan Royals
1,1,R Sathish,Rising Pune Supergiants
5,4,R Sharma,Royal Challengers Bangalore
5,4,R Sharma,Chennai Super Kings
7,5,R Sharma,Kings XI Punjab
5,2,R Sharma,Rajasthan Royals
5,4,R Sharma,Delhi Daredevils
5,4,R Sharma,Mumbai Indians
4,3,R Sharma,Deccan Chargers
1,1,R Sharma,Kochi Tuskers Kerala
3,2,R Sharma,Sunrisers Hyderabad
2,1,R Shukla,Kolkata Knight Riders
1,1,R Shukla,Royal Challengers Bangalore
1,1,R Shukla,Delhi Daredevils
1,1,R Shukla,Sunrisers Hyderabad
1,1,R Tewatia,Royal Challengers Bangalore
2,2,R Tewatia,Kings XI Punjab
17,9,R Vinay Kumar,Kolkata Knight Riders
4,3,R Vinay Kumar,Royal Challengers Bangalore
17,11,R Vinay Kumar,Chennai Super Kings
4,4,R Vinay Kumar,Kings XI Punjab
11,7,R Vinay Kumar,Rajasthan Royals
9,7,R Vinay Kumar,Delhi Daredevils
11,6,R Vinay Kumar,Mumbai Indians
13,6,R Vinay Kumar,Deccan Chargers
10,5,R Vinay Kumar,Pune Warriors
3,3,R Vinay Kumar,Sunrisers Hyderabad
2,1,R Vinay Kumar,Gujarat Lions
11,5,RA Jadeja,Kolkata Knight Riders
11,7,RA Jadeja,Royal Challengers Bangalore
2,1,RA Jadeja,Chennai Super Kings
8,5,RA Jadeja,Kings XI Punjab
13,6,RA Jadeja,Rajasthan Royals
6,5,RA Jadeja,Delhi Daredevils
12,6,RA Jadeja,Mumbai Indians
8,3,RA Jadeja,Deccan Chargers
3,3,RA Jadeja,Pune Warriors
1,1,RA Jadeja,Sunrisers Hyderabad
2,1,RA Jadeja,Rising Pune Supergiants
5,3,RE van der Merwe,Kolkata Knight Riders
3,3,RE van der Merwe,Chennai Super Kings
3,2,RE van der Merwe,Kings XI Punjab
1,1,RE van der Merwe,Rajasthan Royals
1,1,RE van der Merwe,Delhi Daredevils
3,3,RE van der Merwe,Mumbai Indians
1,1,RE van der Merwe,Deccan Chargers
4,2,RE van der Merwe,Kochi Tuskers Kerala
1,1,RG More,Kolkata Knight Riders
1,1,RG Sharma,Kolkata Knight Riders
2,2,RG Sharma,Chennai Super Kings
4,3,RG Sharma,Kings XI Punjab
3,1,RG Sharma,Rajasthan Royals
1,1,RG Sharma,Delhi Daredevils
4,1,RG Sharma,Mumbai Indians
2,1,RJ Harris,Kolkata Knight Riders
12,6,RJ Harris,Royal Challengers Bangalore
8,4,RJ Harris,Chennai Super Kings
1,1,RJ Harris,Kings XI Punjab
7,3,RJ Harris,Rajasthan Royals
6,3,RJ Harris,Delhi Daredevils
4,3,RJ Harris,Mumbai Indians
2,2,RJ Harris,Deccan Chargers
1,1,RJ Harris,Kochi Tuskers Kerala
2,2,RJ Harris,Pune Warriors
3,1,RJ Peterson,Delhi Daredevils
1,1,RN ten Doeschate,Royal Challengers Bangalore
1,1,RN ten Doeschate,Sunrisers Hyderabad
15,8,RP Singh,Kolkata Knight Riders
11,7,RP Singh,Royal Challengers Bangalore
11,8,RP Singh,Chennai Super Kings
10,5,RP Singh,Kings XI Punjab
13,8,RP Singh,Rajasthan Royals
7,5,RP Singh,Delhi Daredevils
14,7,RP Singh,Mumbai Indians
3,2,RP Singh,Deccan Chargers
2,2,RP Singh,Pune Warriors
4,2,RP Singh,Sunrisers Hyderabad
1,1,RR Powar,Kolkata Knight Riders
4,3,RR Powar,Chennai Super Kings
1,1,RR Powar,Rajasthan Royals
3,2,RR Powar,Delhi Daredevils
1,1,RR Powar,Mumbai Indians
3,2,RR Powar,Deccan Chargers
2,1,RR Raje,Kolkata Knight Riders
3,2,RR Raje,Rajasthan Royals
1,1,RR Raje,Deccan Chargers
2,2,RS Bopara,Kolkata Knight Riders
2,1,RS Bopara,Royal Challengers Bangalore
4,3,RS Bopara,Rajasthan Royals
3,1,RS Bopara,Mumbai Indians
2,1,RV Gomez,Kolkata Knight Riders
1,1,RV Gomez,Royal Challengers Bangalore
1,1,RV Gomez,Chennai Super Kings
1,1,RV Gomez,Mumbai Indians
6,4,S Aravind,Kolkata Knight Riders
6,4,S Aravind,Chennai Super Kings
10,3,S Aravind,Kings XI Punjab
5,2,S Aravind,Rajasthan Royals
3,3,S Aravind,Delhi Daredevils
4,3,S Aravind,Mumbai Indians
2,1,S Aravind,Kochi Tuskers Kerala
1,1,S Aravind,Pune Warriors
2,1,S Aravind,Sunrisers Hyderabad
1,1,S Aravind,Gujarat Lions
1,1,S Badree,Rajasthan Royals
1,1,S Badree,Mumbai Indians
1,1,S Dhawan,Kings XI Punjab
2,2,S Dhawan,Delhi Daredevils
1,1,S Dhawan,Pune Warriors
2,1,S Gopal,Kings XI Punjab
4,3,S Gopal,Rajasthan Royals
1,1,S Gopal,Delhi Daredevils
2,2,S Kaul,Royal Challengers Bangalore
1,1,S Kaul,Rajasthan Royals
2,1,S Kaul,Pune Warriors
1,1,S Kaul,Sunrisers Hyderabad
3,1,S Kaushik,Kings XI Punjab
1,1,S Kaushik,Delhi Daredevils
2,1,S Kaushik,Sunrisers Hyderabad
1,1,S Ladda,Kings XI Punjab
1,1,S Ladda,Rajasthan Royals
2,1,S Ladda,Mumbai Indians
1,1,S Ladda,Deccan Chargers
4,3,S Nadeem,Kolkata Knight Riders
3,3,S Nadeem,Royal Challengers Bangalore
1,1,S Nadeem,Chennai Super Kings
4,3,S Nadeem,Rajasthan Royals
7,5,S Nadeem,Mumbai Indians
4,2,S Nadeem,Deccan Chargers
3,2,S Nadeem,Pune Warriors
3,2,S Nadeem,Sunrisers Hyderabad
2,1,S Nadeem,Gujarat Lions
3,1,S Narwal,Delhi Daredevils
2,1,S Narwal,Deccan Chargers
1,1,S Randiv,Kolkata Knight Riders
2,1,S Randiv,Royal Challengers Bangalore
1,1,S Randiv,Kings XI Punjab
1,1,S Randiv,Rajasthan Royals
1,1,S Randiv,Mumbai Indians
5,3,S Sreesanth,Kolkata Knight Riders
7,4,S Sreesanth,Royal Challengers Bangalore
6,4,S Sreesanth,Chennai Super Kings
2,1,S Sreesanth,Kings XI Punjab
5,4,S Sreesanth,Rajasthan Royals
8,5,S Sreesanth,Delhi Daredevils
4,2,S Sreesanth,Mumbai Indians
4,4,S Sreesanth,Deccan Chargers
1,1,S Tyagi,Royal Challengers Bangalore
2,1,S Tyagi,Delhi Daredevils
2,2,S Tyagi,Mumbai Indians
1,1,S Tyagi,Deccan Chargers
1,1,S Vidyut,Rajasthan Royals
1,1,SB Bangar,Royal Challengers Bangalore
1,1,SB Bangar,Chennai Super Kings
2,1,SB Bangar,Mumbai Indians
6,5,SB Jakati,Kolkata Knight Riders
7,5,SB Jakati,Royal Challengers Bangalore
1,1,SB Jakati,Kings XI Punjab
7,4,SB Jakati,Rajasthan Royals
7,3,SB Jakati,Delhi Daredevils
6,5,SB Jakati,Mumbai Indians
11,5,SB Jakati,Deccan Chargers
1,1,SB Jakati,Kochi Tuskers Kerala
1,1,SB Jakati,Pune Warriors
1,1,SB Joshi,Rajasthan Royals
2,1,SB Styris,Kolkata Knight Riders
4,2,SB Styris,Royal Challengers Bangalore
1,1,SB Styris,Chennai Super Kings
1,1,SB Styris,Kings XI Punjab
1,1,SB Wagh,Chennai Super Kings
3,1,SB Wagh,Kings XI Punjab
1,1,SB Wagh,Mumbai Indians
3,2,SC Ganguly,Royal Challengers Bangalore
2,1,SC Ganguly,Kings XI Punjab
1,1,SC Ganguly,Rajasthan Royals
2,1,SC Ganguly,Delhi Daredevils
2,1,SC Ganguly,Deccan Chargers
2,1,SD Chitnis,Kings XI Punjab
3,2,SE Bond,Kings XI Punjab
3,2,SE Bond,Rajasthan Royals
2,1,SE Bond,Mumbai Indians
1,1,SE Bond,Deccan Chargers
2,1,SJ Srivastava,Kolkata Knight Riders
3,2,SJ Srivastava,Royal Challengers Bangalore
1,1,SJ Srivastava,Rajasthan Royals
2,1,SJ Srivastava,Delhi Daredevils
2,2,SJ Srivastava,Mumbai Indians
1,1,SJ Srivastava,Deccan Chargers
1,1,SJ Srivastava,Kochi Tuskers Kerala
2,1,SJ Srivastava,Pune Warriors
2,2,SK Raina,Kolkata Knight Riders
2,2,SK Raina,Royal Challengers Bangalore
3,2,SK Raina,Kings XI Punjab
4,3,SK Raina,Rajasthan Royals
3,3,SK Raina,Mumbai Indians
7,6,SK Raina,Deccan Chargers
3,3,SK Raina,Sunrisers Hyderabad
9,5,SK Trivedi,Kolkata Knight Riders
9,5,SK Trivedi,Royal Challengers Bangalore
4,3,SK Trivedi,Chennai Super Kings
11,7,SK Trivedi,Kings XI Punjab
5,4,SK Trivedi,Delhi Daredevils
7,5,SK Trivedi,Mumbai Indians
12,7,SK Trivedi,Deccan Chargers
3,1,SK Trivedi,Kochi Tuskers Kerala
3,2,SK Trivedi,Pune Warriors
2,2,SK Trivedi,Sunrisers Hyderabad
4,3,SK Warne,Kolkata Knight Riders
8,5,SK Warne,Royal Challengers Bangalore
7,6,SK Warne,Chennai Super Kings
7,4,SK Warne,Kings XI Punjab
8,5,SK Warne,Delhi Daredevils
7,5,SK Warne,Mumbai Indians
12,6,SK Warne,Deccan Chargers
3,1,SK Warne,Kochi Tuskers Kerala
1,1,SK Warne,Pune Warriors
12,8,SL Malinga,Kolkata Knight Riders
10,7,SL Malinga,Royal Challengers Bangalore
23,11,SL Malinga,Chennai Super Kings
22,11,SL Malinga,Kings XI Punjab
11,9,SL Malinga,Rajasthan Royals
18,10,SL Malinga,Delhi Daredevils
3,2,SL Malinga,Mumbai Indians
19,8,SL Malinga,Deccan Chargers
2,1,SL Malinga,Kochi Tuskers Kerala
12,6,SL Malinga,Pune Warriors
11,5,SL Malinga,Sunrisers Hyderabad
2,1,SM Boland,Delhi Daredevils
1,1,SM Harwood,Kings XI Punjab
2,1,SM Harwood,Deccan Chargers
5,2,SM Pollock,Kolkata Knight Riders
1,1,SM Pollock,Chennai Super Kings
2,2,SM Pollock,Kings XI Punjab
1,1,SM Pollock,Rajasthan Royals
2,1,SM Pollock,Delhi Daredevils
1,1,SMSM Senanayake,Royal Challengers Bangalore
1,1,SMSM Senanayake,Chennai Super Kings
2,1,SMSM Senanayake,Kings XI Punjab
2,1,SMSM Senanayake,Rajasthan Royals
1,1,SMSM Senanayake,Mumbai Indians
1,1,SMSM Senanayake,Pune Warriors
1,1,SMSM Senanayake,Sunrisers Hyderabad
1,1,SN Thakur,Delhi Daredevils
11,5,SP Narine,Royal Challengers Bangalore
6,5,SP Narine,Chennai Super Kings
22,9,SP Narine,Kings XI Punjab
6,4,SP Narine,Rajasthan Royals
12,7,SP Narine,Delhi Daredevils
15,6,SP Narine,Mumbai Indians
2,1,SP Narine,Deccan Chargers
4,3,SP Narine,Pune Warriors
5,3,SP Narine,Sunrisers Hyderabad
1,1,SP Narine,Rising Pune Supergiants
1,1,SP Narine,Gujarat Lions
9,5,SR Watson,Kolkata Knight Riders
9,5,SR Watson,Royal Challengers Bangalore
5,4,SR Watson,Chennai Super Kings
11,7,SR Watson,Kings XI Punjab
11,7,SR Watson,Delhi Daredevils
11,5,SR Watson,Mumbai Indians
2,2,SR Watson,Deccan Chargers
3,2,SR Watson,Pune Warriors
10,6,SR Watson,Sunrisers Hyderabad
5,2,SR Watson,Rising Pune Supergiants
5,2,SR Watson,Gujarat Lions
1,1,SS Mundhe,Delhi Daredevils
1,1,SS Sarkar,Rajasthan Royals
3,1,ST Jayasuriya,Kolkata Knight Riders
1,1,ST Jayasuriya,Royal Challengers Bangalore
2,1,ST Jayasuriya,Chennai Super Kings
1,1,ST Jayasuriya,Kings XI Punjab
2,1,ST Jayasuriya,Rajasthan Royals
1,1,ST Jayasuriya,Delhi Daredevils
1,1,ST Jayasuriya,Mumbai Indians
2,2,ST Jayasuriya,Deccan Chargers
1,1,STR Binny,Kolkata Knight Riders
2,2,STR Binny,Royal Challengers Bangalore
2,2,STR Binny,Chennai Super Kings
1,1,STR Binny,Kings XI Punjab
4,3,STR Binny,Delhi Daredevils
5,3,STR Binny,Mumbai Indians
1,1,STR Binny,Deccan Chargers
1,1,STR Binny,Pune Warriors
1,1,STR Binny,Sunrisers Hyderabad
2,2,SW Tait,Kolkata Knight Riders
2,1,SW Tait,Chennai Super Kings
8,3,SW Tait,Kings XI Punjab
3,2,SW Tait,Delhi Daredevils
2,1,SW Tait,Mumbai Indians
3,1,SW Tait,Deccan Chargers
4,2,SW Tait,Pune Warriors
2,1,Sachin Baby,Gujarat Lions
7,2,Sandeep Sharma,Kolkata Knight Riders
12,6,Sandeep Sharma,Royal Challengers Bangalore
3,3,Sandeep Sharma,Chennai Super Kings
2,2,Sandeep Sharma,Rajasthan Royals
9,5,Sandeep Sharma,Delhi Daredevils
8,5,Sandeep Sharma,Mumbai Indians
8,6,Sandeep Sharma,Sunrisers Hyderabad
3,2,Sandeep Sharma,Rising Pune Supergiants
2,2,Sandeep Sharma,Gujarat Lions
1,1,Shahid Afridi,Royal Challengers Bangalore
1,1,Shahid Afridi,Chennai Super Kings
3,1,Shahid Afridi,Rajasthan Royals
4,2,Shahid Afridi,Mumbai Indians
3,2,Shakib Al Hasan,Royal Challengers Bangalore
3,2,Shakib Al Hasan,Chennai Super Kings
2,2,Shakib Al Hasan,Kings XI Punjab
9,5,Shakib Al Hasan,Rajasthan Royals
2,2,Shakib Al Hasan,Delhi Daredevils
10,8,Shakib Al Hasan,Mumbai Indians
3,1,Shakib Al Hasan,Kochi Tuskers Kerala
4,2,Shakib Al Hasan,Pune Warriors
4,3,Shakib Al Hasan,Sunrisers Hyderabad
2,2,Shakib Al Hasan,Rising Pune Supergiants
1,1,Shakib Al Hasan,Gujarat Lions
2,1,Shivam Sharma,Royal Challengers Bangalore
1,1,Shivam Sharma,Rajasthan Royals
1,1,Shivam Sharma,Sunrisers Hyderabad
1,1,Shoaib Ahmed,Chennai Super Kings
2,1,Shoaib Ahmed,Kings XI Punjab
2,1,Shoaib Ahmed,Delhi Daredevils
4,1,Shoaib Akhtar,Delhi Daredevils
1,1,Shoaib Akhtar,Mumbai Indians
1,1,Shoaib Malik,Kings XI Punjab
1,1,Shoaib Malik,Mumbai Indians
5,2,Sohail Tanvir,Kolkata Knight Riders
3,1,Sohail Tanvir,Royal Challengers Bangalore
10,3,Sohail Tanvir,Chennai Super Kings
4,1,Sohail Tanvir,Mumbai Indians
1,1,T Henderson,Royal Challengers Bangalore
1,1,T Shamsi,Sunrisers Hyderabad
1,1,T Shamsi,Rising Pune Supergiants
1,1,T Shamsi,Gujarat Lions
1,1,T Thushara,Royal Challengers Bangalore
2,1,T Thushara,Kings XI Punjab
2,1,T Thushara,Rajasthan Royals
3,2,T Thushara,Mumbai Indians
3,1,TA Boult,Royal Challengers Bangalore
1,1,TA Boult,Chennai Super Kings
4,2,TA Boult,Kings XI Punjab
1,1,TA Boult,Rajasthan Royals
1,1,TA Boult,Gujarat Lions
3,2,TG Southee,Kolkata Knight Riders
4,3,TG Southee,Royal Challengers Bangalore
6,4,TG Southee,Kings XI Punjab
2,2,TG Southee,Mumbai Indians
1,1,TG Southee,Pune Warriors
3,1,TG Southee,Sunrisers Hyderabad
1,1,TL Suman,Royal Challengers Bangalore
1,1,TL Suman,Chennai Super Kings
2,2,TL Suman,Kings XI Punjab
2,1,TL Suman,Mumbai Indians
1,1,TM Dilshan,Royal Challengers Bangalore
2,2,TM Dilshan,Chennai Super Kings
1,1,TM Dilshan,Kings XI Punjab
1,1,TM Dilshan,Kochi Tuskers Kerala
1,1,TP Sudhindra,Chennai Super Kings
11,6,UT Yadav,Kolkata Knight Riders
6,5,UT Yadav,Royal Challengers Bangalore
7,6,UT Yadav,Chennai Super Kings
15,7,UT Yadav,Kings XI Punjab
6,3,UT Yadav,Rajasthan Royals
6,3,UT Yadav,Delhi Daredevils
7,4,UT Yadav,Mumbai Indians
3,2,UT Yadav,Deccan Chargers
3,2,UT Yadav,Pune Warriors
9,4,UT Yadav,Sunrisers Hyderabad
1,1,UT Yadav,Rising Pune Supergiants
6,2,Umar Gul,Kings XI Punjab
5,2,Umar Gul,Rajasthan Royals
1,1,Umar Gul,Deccan Chargers
1,1,V Kohli,Chennai Super Kings
2,1,V Kohli,Deccan Chargers
1,1,V Kohli,Kochi Tuskers Kerala
2,2,V Pratap Singh,Royal Challengers Bangalore
2,1,V Pratap Singh,Chennai Super Kings
1,1,V Pratap Singh,Kings XI Punjab
2,1,V Pratap Singh,Rajasthan Royals
1,1,V Pratap Singh,Delhi Daredevils
1,1,V Pratap Singh,Mumbai Indians
1,1,V Pratap Singh,Pune Warriors
3,2,V Sehwag,Chennai Super Kings
2,2,V Sehwag,Rajasthan Royals
1,1,V Sehwag,Mumbai Indians
5,3,VR Aaron,Kolkata Knight Riders
1,1,VR Aaron,Royal Challengers Bangalore
5,3,VR Aaron,Chennai Super Kings
6,4,VR Aaron,Kings XI Punjab
3,2,VR Aaron,Delhi Daredevils
5,3,VR Aaron,Mumbai Indians
2,1,VR Aaron,Deccan Chargers
4,2,VR Aaron,Sunrisers Hyderabad
3,2,VRV Singh,Kolkata Knight Riders
3,3,VRV Singh,Royal Challengers Bangalore
1,1,VRV Singh,Chennai Super Kings
3,1,VRV Singh,Delhi Daredevils
1,1,VRV Singh,Mumbai Indians
1,1,VRV Singh,Deccan Chargers
1,1,VS Malik,Kolkata Knight Riders
1,1,VS Malik,Kings XI Punjab
1,1,VS Malik,Mumbai Indians
1,1,VS Malik,Deccan Chargers
2,1,VS Malik,Sunrisers Hyderabad
2,1,VY Mahesh,Kolkata Knight Riders
3,2,VY Mahesh,Chennai Super Kings
3,3,VY Mahesh,Kings XI Punjab
4,2,VY Mahesh,Rajasthan Royals
7,2,VY Mahesh,Mumbai Indians
1,1,VY Mahesh,Deccan Chargers
1,1,VY Mahesh,Pune Warriors
2,2,WA Mota,Chennai Super Kings
1,1,WA Mota,Delhi Daredevils
1,1,WA Mota,Deccan Chargers
8,4,WD Parnell,Kolkata Knight Riders
1,1,WD Parnell,Chennai Super Kings
3,2,WD Parnell,Kings XI Punjab
5,3,WD Parnell,Rajasthan Royals
1,1,WD Parnell,Delhi Daredevils
3,3,WD Parnell,Mumbai Indians
3,3,WD Parnell,Deccan Chargers
3,1,WD Parnell,Kochi Tuskers Kerala
5,3,WPUJC Vaas,Kolkata Knight Riders
1,1,WPUJC Vaas,Royal Challengers Bangalore
3,1,WPUJC Vaas,Chennai Super Kings
2,1,WPUJC Vaas,Kings XI Punjab
3,2,WPUJC Vaas,Rajasthan Royals
4,3,WPUJC Vaas,Delhi Daredevils
3,2,Y Nagar,Royal Challengers Bangalore
1,1,Y Nagar,Deccan Chargers
1,1,Y Venugopal Rao,Chennai Super Kings
1,1,Y Venugopal Rao,Kings XI Punjab
2,1,Y Venugopal Rao,Rajasthan Royals
2,1,Y Venugopal Rao,Mumbai Indians
1,1,YA Abdulla,Kolkata Knight Riders
8,2,YA Abdulla,Royal Challengers Bangalore
3,1,YA Abdulla,Rajasthan Royals
1,1,YA Abdulla,Delhi Daredevils
2,1,YA Abdulla,Mumbai Indians
3,2,YK Pathan,Kolkata Knight Riders
3,2,YK Pathan,Royal Challengers Bangalore
9,6,YK Pathan,Chennai Super Kings
6,5,YK Pathan,Kings XI Punjab
3,2,YK Pathan,Rajasthan Royals
1,1,YK Pathan,Delhi Daredevils
7,4,YK Pathan,Deccan Chargers
4,2,YK Pathan,Kochi Tuskers Kerala
4,2,YK Pathan,Pune Warriors
6,5,YS Chahal,Kolkata Knight Riders
6,3,YS Chahal,Chennai Super Kings
12,6,YS Chahal,Kings XI Punjab
6,4,YS Chahal,Rajasthan Royals
7,4,YS Chahal,Delhi Daredevils
8,5,YS Chahal,Mumbai Indians
5,3,YS Chahal,Sunrisers Hyderabad
1,1,YS Chahal,Rising Pune Supergiants
5,3,YS Chahal,Gujarat Lions
1,1,Yuvraj Singh,Kolkata Knight Riders
3,1,Yuvraj Singh,Royal Challengers Bangalore
2,2,Yuvraj Singh,Chennai Super Kings
1,1,Yuvraj Singh,Kings XI Punjab
6,2,Yuvraj Singh,Rajasthan Royals
6,3,Yuvraj Singh,Delhi Daredevils
6,4,Yuvraj Singh,Mumbai Indians
9,5,Yuvraj Singh,Deccan Chargers
1,1,Yuvraj Singh,Sunrisers Hyderabad
17,11,Z Khan,Kolkata Knight Riders
7,6,Z Khan,Royal Challengers Bangalore
16,8,Z Khan,Chennai Super Kings
13,8,Z Khan,Kings XI Punjab
5,4,Z Khan,Rajasthan Royals
6,4,Z Khan,Delhi Daredevils
8,6,Z Khan,Mumbai Indians
12,5,Z Khan,Deccan Chargers
2,2,Z Khan,Kochi Tuskers Kerala
3,2,Z Khan,Pune Warriors
3,2,Z Khan,Sunrisers Hyderabad
1,1,Z Khan,Gujarat Lions
